"file","group","category","bundle","raw_frequency"
"CHN_A20.txt","CHN","referential","a lot of",52
"CHN_A20.txt","CHN","vague_extender","and so forth",0
"CHN_A20.txt","CHN","vague_extender","and so on",13
"CHN_A20.txt","CHN","discourse_organizer","as a result",1
"CHN_A20.txt","CHN","referential","be able to",4
"CHN_A20.txt","CHN","referential","because of the",1
"CHN_A20.txt","CHN","referential","due to the",0
"CHN_A20.txt","CHN","discourse_organizer","first of all",7
"CHN_A20.txt","CHN","stance","i agree with",16
"CHN_A20.txt","CHN","stance","i believe that",6
"CHN_A20.txt","CHN","stance","i disagree with",4
"CHN_A20.txt","CHN","stance","i do not",3
"CHN_A20.txt","CHN","stance","i think it",26
"CHN_A20.txt","CHN","stance","i think that",14
"CHN_A20.txt","CHN","stance","in my opinion",34
"CHN_A20.txt","CHN","referential","in order to",2
"CHN_A20.txt","CHN","stance","it is better",1
"CHN_A20.txt","CHN","stance","it is difficult",3
"CHN_A20.txt","CHN","stance","it is important",32
"CHN_A20.txt","CHN","stance","it is necessary",8
"CHN_A20.txt","CHN","referential","many kinds of",0
"CHN_A20.txt","CHN","referential","more and more",31
"CHN_A20.txt","CHN","discourse_organizer","on the other hand",20
"CHN_A20.txt","CHN","referential","one of the",2
"CHN_A20.txt","CHN","vague_extender","or something like",0
"CHN_A20.txt","CHN","referential","the most important",15
"CHN_A20.txt","CHN","stance","there are many",11
"CHN_A20.txt","CHN","stance","there is no",10
"CHN_A20.txt","CHN","vague_extender","things like that",0
"CHN_A20.txt","CHN","discourse_organizer","to sum up",2
"CHN_A20.txt","CHN","stance","we have to",4
"CHN_A20.txt","CHN","stance","we should not",1
"CHN_A20.txt","CHN","discourse_organizer","what is more",4
"CHN_B11.txt","CHN","referential","a lot of",168
"CHN_B11.txt","CHN","vague_extender","and so forth",2
"CHN_B11.txt","CHN","vague_extender","and so on",45
"CHN_B11.txt","CHN","discourse_organizer","as a result",25
"CHN_B11.txt","CHN","referential","be able to",6
"CHN_B11.txt","CHN","referential","because of the",15
"CHN_B11.txt","CHN","referential","due to the",5
"CHN_B11.txt","CHN","discourse_organizer","first of all",60
"CHN_B11.txt","CHN","stance","i agree with",49
"CHN_B11.txt","CHN","stance","i believe that",17
"CHN_B11.txt","CHN","stance","i disagree with",3
"CHN_B11.txt","CHN","stance","i do not",7
"CHN_B11.txt","CHN","stance","i think it",143
"CHN_B11.txt","CHN","stance","i think that",42
"CHN_B11.txt","CHN","stance","in my opinion",128
"CHN_B11.txt","CHN","referential","in order to",39
"CHN_B11.txt","CHN","stance","it is better",5
"CHN_B11.txt","CHN","stance","it is difficult",5
"CHN_B11.txt","CHN","stance","it is important",104
"CHN_B11.txt","CHN","stance","it is necessary",28
"CHN_B11.txt","CHN","referential","many kinds of",13
"CHN_B11.txt","CHN","referential","more and more",129
"CHN_B11.txt","CHN","discourse_organizer","on the other hand",77
"CHN_B11.txt","CHN","referential","one of the",23
"CHN_B11.txt","CHN","vague_extender","or something like",0
"CHN_B11.txt","CHN","referential","the most important",37
"CHN_B11.txt","CHN","stance","there are many",47
"CHN_B11.txt","CHN","stance","there is no",47
"CHN_B11.txt","CHN","vague_extender","things like that",0
"CHN_B11.txt","CHN","discourse_organizer","to sum up",13
"CHN_B11.txt","CHN","stance","we have to",29
"CHN_B11.txt","CHN","stance","we should not",17
"CHN_B11.txt","CHN","discourse_organizer","what is more",12
"CHN_B12.txt","CHN","referential","a lot of",113
"CHN_B12.txt","CHN","vague_extender","and so forth",0
"CHN_B12.txt","CHN","vague_extender","and so on",18
"CHN_B12.txt","CHN","discourse_organizer","as a result",16
"CHN_B12.txt","CHN","referential","be able to",0
"CHN_B12.txt","CHN","referential","because of the",6
"CHN_B12.txt","CHN","referential","due to the",2
"CHN_B12.txt","CHN","discourse_organizer","first of all",44
"CHN_B12.txt","CHN","stance","i agree with",60
"CHN_B12.txt","CHN","stance","i believe that",8
"CHN_B12.txt","CHN","stance","i disagree with",18
"CHN_B12.txt","CHN","stance","i do not",4
"CHN_B12.txt","CHN","stance","i think it",131
"CHN_B12.txt","CHN","stance","i think that",41
"CHN_B12.txt","CHN","stance","in my opinion",59
"CHN_B12.txt","CHN","referential","in order to",23
"CHN_B12.txt","CHN","stance","it is better",3
"CHN_B12.txt","CHN","stance","it is difficult",3
"CHN_B12.txt","CHN","stance","it is important",46
"CHN_B12.txt","CHN","stance","it is necessary",9
"CHN_B12.txt","CHN","referential","many kinds of",7
"CHN_B12.txt","CHN","referential","more and more",71
"CHN_B12.txt","CHN","discourse_organizer","on the other hand",30
"CHN_B12.txt","CHN","referential","one of the",14
"CHN_B12.txt","CHN","vague_extender","or something like",3
"CHN_B12.txt","CHN","referential","the most important",33
"CHN_B12.txt","CHN","stance","there are many",38
"CHN_B12.txt","CHN","stance","there is no",17
"CHN_B12.txt","CHN","vague_extender","things like that",0
"CHN_B12.txt","CHN","discourse_organizer","to sum up",10
"CHN_B12.txt","CHN","stance","we have to",19
"CHN_B12.txt","CHN","stance","we should not",10
"CHN_B12.txt","CHN","discourse_organizer","what is more",7
"CHN_B20.txt","CHN","referential","a lot of",7
"CHN_B20.txt","CHN","vague_extender","and so forth",0
"CHN_B20.txt","CHN","vague_extender","and so on",2
"CHN_B20.txt","CHN","discourse_organizer","as a result",2
"CHN_B20.txt","CHN","referential","be able to",2
"CHN_B20.txt","CHN","referential","because of the",1
"CHN_B20.txt","CHN","referential","due to the",3
"CHN_B20.txt","CHN","discourse_organizer","first of all",3
"CHN_B20.txt","CHN","stance","i agree with",12
"CHN_B20.txt","CHN","stance","i believe that",0
"CHN_B20.txt","CHN","stance","i disagree with",0
"CHN_B20.txt","CHN","stance","i do not",0
"CHN_B20.txt","CHN","stance","i think it",21
"CHN_B20.txt","CHN","stance","i think that",7
"CHN_B20.txt","CHN","stance","in my opinion",6
"CHN_B20.txt","CHN","referential","in order to",2
"CHN_B20.txt","CHN","stance","it is better",6
"CHN_B20.txt","CHN","stance","it is difficult",0
"CHN_B20.txt","CHN","stance","it is important",3
"CHN_B20.txt","CHN","stance","it is necessary",1
"CHN_B20.txt","CHN","referential","many kinds of",0
"CHN_B20.txt","CHN","referential","more and more",9
"CHN_B20.txt","CHN","discourse_organizer","on the other hand",3
"CHN_B20.txt","CHN","referential","one of the",4
"CHN_B20.txt","CHN","vague_extender","or something like",0
"CHN_B20.txt","CHN","referential","the most important",4
"CHN_B20.txt","CHN","stance","there are many",3
"CHN_B20.txt","CHN","stance","there is no",2
"CHN_B20.txt","CHN","vague_extender","things like that",0
"CHN_B20.txt","CHN","discourse_organizer","to sum up",2
"CHN_B20.txt","CHN","stance","we have to",4
"CHN_B20.txt","CHN","stance","we should not",1
"CHN_B20.txt","CHN","discourse_organizer","what is more",0
"ENS_XX1.txt","ENS","referential","a lot of",113
"ENS_XX1.txt","ENS","vague_extender","and so forth",0
"ENS_XX1.txt","ENS","vague_extender","and so on",2
"ENS_XX1.txt","ENS","discourse_organizer","as a result",18
"ENS_XX1.txt","ENS","referential","be able to",111
"ENS_XX1.txt","ENS","referential","because of the",19
"ENS_XX1.txt","ENS","referential","due to the",6
"ENS_XX1.txt","ENS","discourse_organizer","first of all",9
"ENS_XX1.txt","ENS","stance","i agree with",27
"ENS_XX1.txt","ENS","stance","i believe that",71
"ENS_XX1.txt","ENS","stance","i disagree with",8
"ENS_XX1.txt","ENS","stance","i do not",34
"ENS_XX1.txt","ENS","stance","i think it",91
"ENS_XX1.txt","ENS","stance","i think that",152
"ENS_XX1.txt","ENS","stance","in my opinion",1
"ENS_XX1.txt","ENS","referential","in order to",39
"ENS_XX1.txt","ENS","stance","it is better",2
"ENS_XX1.txt","ENS","stance","it is difficult",6
"ENS_XX1.txt","ENS","stance","it is important",45
"ENS_XX1.txt","ENS","stance","it is necessary",4
"ENS_XX1.txt","ENS","referential","many kinds of",0
"ENS_XX1.txt","ENS","referential","more and more",5
"ENS_XX1.txt","ENS","discourse_organizer","on the other hand",9
"ENS_XX1.txt","ENS","referential","one of the",24
"ENS_XX1.txt","ENS","vague_extender","or something like",1
"ENS_XX1.txt","ENS","referential","the most important",9
"ENS_XX1.txt","ENS","stance","there are many",18
"ENS_XX1.txt","ENS","stance","there is no",17
"ENS_XX1.txt","ENS","vague_extender","things like that",6
"ENS_XX1.txt","ENS","discourse_organizer","to sum up",0
"ENS_XX1.txt","ENS","stance","we have to",8
"ENS_XX1.txt","ENS","stance","we should not",3
"ENS_XX1.txt","ENS","discourse_organizer","what is more",0
"ENS_XX2.txt","ENS","referential","a lot of",76
"ENS_XX2.txt","ENS","vague_extender","and so forth",0
"ENS_XX2.txt","ENS","vague_extender","and so on",3
"ENS_XX2.txt","ENS","discourse_organizer","as a result",5
"ENS_XX2.txt","ENS","referential","be able to",73
"ENS_XX2.txt","ENS","referential","because of the",5
"ENS_XX2.txt","ENS","referential","due to the",6
"ENS_XX2.txt","ENS","discourse_organizer","first of all",11
"ENS_XX2.txt","ENS","stance","i agree with",24
"ENS_XX2.txt","ENS","stance","i believe that",53
"ENS_XX2.txt","ENS","stance","i disagree with",21
"ENS_XX2.txt","ENS","stance","i do not",21
"ENS_XX2.txt","ENS","stance","i think it",119
"ENS_XX2.txt","ENS","stance","i think that",103
"ENS_XX2.txt","ENS","stance","in my opinion",10
"ENS_XX2.txt","ENS","referential","in order to",30
"ENS_XX2.txt","ENS","stance","it is better",3
"ENS_XX2.txt","ENS","stance","it is difficult",4
"ENS_XX2.txt","ENS","stance","it is important",22
"ENS_XX2.txt","ENS","stance","it is necessary",2
"ENS_XX2.txt","ENS","referential","many kinds of",1
"ENS_XX2.txt","ENS","referential","more and more",5
"ENS_XX2.txt","ENS","discourse_organizer","on the other hand",25
"ENS_XX2.txt","ENS","referential","one of the",7
"ENS_XX2.txt","ENS","vague_extender","or something like",7
"ENS_XX2.txt","ENS","referential","the most important",5
"ENS_XX2.txt","ENS","stance","there are many",8
"ENS_XX2.txt","ENS","stance","there is no",18
"ENS_XX2.txt","ENS","vague_extender","things like that",9
"ENS_XX2.txt","ENS","discourse_organizer","to sum up",0
"ENS_XX2.txt","ENS","stance","we have to",3
"ENS_XX2.txt","ENS","stance","we should not",2
"ENS_XX2.txt","ENS","discourse_organizer","what is more",2
"ENS_XX3.txt","ENS","referential","a lot of",56
"ENS_XX3.txt","ENS","vague_extender","and so forth",0
"ENS_XX3.txt","ENS","vague_extender","and so on",0
"ENS_XX3.txt","ENS","discourse_organizer","as a result",5
"ENS_XX3.txt","ENS","referential","be able to",26
"ENS_XX3.txt","ENS","referential","because of the",13
"ENS_XX3.txt","ENS","referential","due to the",0
"ENS_XX3.txt","ENS","discourse_organizer","first of all",5
"ENS_XX3.txt","ENS","stance","i agree with",9
"ENS_XX3.txt","ENS","stance","i believe that",32
"ENS_XX3.txt","ENS","stance","i disagree with",2
"ENS_XX3.txt","ENS","stance","i do not",10
"ENS_XX3.txt","ENS","stance","i think it",49
"ENS_XX3.txt","ENS","stance","i think that",89
"ENS_XX3.txt","ENS","stance","in my opinion",4
"ENS_XX3.txt","ENS","referential","in order to",8
"ENS_XX3.txt","ENS","stance","it is better",2
"ENS_XX3.txt","ENS","stance","it is difficult",1
"ENS_XX3.txt","ENS","stance","it is important",25
"ENS_XX3.txt","ENS","stance","it is necessary",7
"ENS_XX3.txt","ENS","referential","many kinds of",0
"ENS_XX3.txt","ENS","referential","more and more",2
"ENS_XX3.txt","ENS","discourse_organizer","on the other hand",3
"ENS_XX3.txt","ENS","referential","one of the",13
"ENS_XX3.txt","ENS","vague_extender","or something like",1
"ENS_XX3.txt","ENS","referential","the most important",4
"ENS_XX3.txt","ENS","stance","there are many",14
"ENS_XX3.txt","ENS","stance","there is no",11
"ENS_XX3.txt","ENS","vague_extender","things like that",1
"ENS_XX3.txt","ENS","discourse_organizer","to sum up",0
"ENS_XX3.txt","ENS","stance","we have to",4
"ENS_XX3.txt","ENS","stance","we should not",0
"ENS_XX3.txt","ENS","discourse_organizer","what is more",0
"JPN_A20.txt","JPN","referential","a lot of",174
"JPN_A20.txt","JPN","vague_extender","and so forth",0
"JPN_A20.txt","JPN","vague_extender","and so on",71
"JPN_A20.txt","JPN","discourse_organizer","as a result",12
"JPN_A20.txt","JPN","referential","be able to",32
"JPN_A20.txt","JPN","referential","because of the",5
"JPN_A20.txt","JPN","referential","due to the",3
"JPN_A20.txt","JPN","discourse_organizer","first of all",20
"JPN_A20.txt","JPN","stance","i agree with",160
"JPN_A20.txt","JPN","stance","i believe that",4
"JPN_A20.txt","JPN","stance","i disagree with",16
"JPN_A20.txt","JPN","stance","i do not",37
"JPN_A20.txt","JPN","stance","i think it",126
"JPN_A20.txt","JPN","stance","i think that",255
"JPN_A20.txt","JPN","stance","in my opinion",9
"JPN_A20.txt","JPN","referential","in order to",25
"JPN_A20.txt","JPN","stance","it is better",5
"JPN_A20.txt","JPN","stance","it is difficult",10
"JPN_A20.txt","JPN","stance","it is important",160
"JPN_A20.txt","JPN","stance","it is necessary",15
"JPN_A20.txt","JPN","referential","many kinds of",24
"JPN_A20.txt","JPN","referential","more and more",14
"JPN_A20.txt","JPN","discourse_organizer","on the other hand",9
"JPN_A20.txt","JPN","referential","one of the",24
"JPN_A20.txt","JPN","vague_extender","or something like",0
"JPN_A20.txt","JPN","referential","the most important",28
"JPN_A20.txt","JPN","stance","there are many",56
"JPN_A20.txt","JPN","stance","there is no",12
"JPN_A20.txt","JPN","vague_extender","things like that",0
"JPN_A20.txt","JPN","discourse_organizer","to sum up",0
"JPN_A20.txt","JPN","stance","we have to",52
"JPN_A20.txt","JPN","stance","we should not",21
"JPN_A20.txt","JPN","discourse_organizer","what is more",1
"JPN_B11.txt","JPN","referential","a lot of",247
"JPN_B11.txt","JPN","vague_extender","and so forth",0
"JPN_B11.txt","JPN","vague_extender","and so on",83
"JPN_B11.txt","JPN","discourse_organizer","as a result",10
"JPN_B11.txt","JPN","referential","be able to",49
"JPN_B11.txt","JPN","referential","because of the",8
"JPN_B11.txt","JPN","referential","due to the",0
"JPN_B11.txt","JPN","discourse_organizer","first of all",11
"JPN_B11.txt","JPN","stance","i agree with",234
"JPN_B11.txt","JPN","stance","i believe that",11
"JPN_B11.txt","JPN","stance","i disagree with",66
"JPN_B11.txt","JPN","stance","i do not",17
"JPN_B11.txt","JPN","stance","i think it",112
"JPN_B11.txt","JPN","stance","i think that",271
"JPN_B11.txt","JPN","stance","in my opinion",11
"JPN_B11.txt","JPN","referential","in order to",24
"JPN_B11.txt","JPN","stance","it is better",8
"JPN_B11.txt","JPN","stance","it is difficult",21
"JPN_B11.txt","JPN","stance","it is important",163
"JPN_B11.txt","JPN","stance","it is necessary",15
"JPN_B11.txt","JPN","referential","many kinds of",12
"JPN_B11.txt","JPN","referential","more and more",14
"JPN_B11.txt","JPN","discourse_organizer","on the other hand",13
"JPN_B11.txt","JPN","referential","one of the",30
"JPN_B11.txt","JPN","vague_extender","or something like",0
"JPN_B11.txt","JPN","referential","the most important",29
"JPN_B11.txt","JPN","stance","there are many",58
"JPN_B11.txt","JPN","stance","there is no",10
"JPN_B11.txt","JPN","vague_extender","things like that",0
"JPN_B11.txt","JPN","discourse_organizer","to sum up",0
"JPN_B11.txt","JPN","stance","we have to",62
"JPN_B11.txt","JPN","stance","we should not",11
"JPN_B11.txt","JPN","discourse_organizer","what is more",5
"JPN_B12.txt","JPN","referential","a lot of",65
"JPN_B12.txt","JPN","vague_extender","and so forth",0
"JPN_B12.txt","JPN","vague_extender","and so on",35
"JPN_B12.txt","JPN","discourse_organizer","as a result",3
"JPN_B12.txt","JPN","referential","be able to",12
"JPN_B12.txt","JPN","referential","because of the",6
"JPN_B12.txt","JPN","referential","due to the",0
"JPN_B12.txt","JPN","discourse_organizer","first of all",12
"JPN_B12.txt","JPN","stance","i agree with",107
"JPN_B12.txt","JPN","stance","i believe that",2
"JPN_B12.txt","JPN","stance","i disagree with",37
"JPN_B12.txt","JPN","stance","i do not",2
"JPN_B12.txt","JPN","stance","i think it",55
"JPN_B12.txt","JPN","stance","i think that",66
"JPN_B12.txt","JPN","stance","in my opinion",14
"JPN_B12.txt","JPN","referential","in order to",14
"JPN_B12.txt","JPN","stance","it is better",0
"JPN_B12.txt","JPN","stance","it is difficult",11
"JPN_B12.txt","JPN","stance","it is important",73
"JPN_B12.txt","JPN","stance","it is necessary",3
"JPN_B12.txt","JPN","referential","many kinds of",6
"JPN_B12.txt","JPN","referential","more and more",11
"JPN_B12.txt","JPN","discourse_organizer","on the other hand",1
"JPN_B12.txt","JPN","referential","one of the",8
"JPN_B12.txt","JPN","vague_extender","or something like",1
"JPN_B12.txt","JPN","referential","the most important",9
"JPN_B12.txt","JPN","stance","there are many",18
"JPN_B12.txt","JPN","stance","there is no",6
"JPN_B12.txt","JPN","vague_extender","things like that",0
"JPN_B12.txt","JPN","discourse_organizer","to sum up",0
"JPN_B12.txt","JPN","stance","we have to",24
"JPN_B12.txt","JPN","stance","we should not",6
"JPN_B12.txt","JPN","discourse_organizer","what is more",2
"JPN_B20.txt","JPN","referential","a lot of",41
"JPN_B20.txt","JPN","vague_extender","and so forth",1
"JPN_B20.txt","JPN","vague_extender","and so on",13
"JPN_B20.txt","JPN","discourse_organizer","as a result",4
"JPN_B20.txt","JPN","referential","be able to",6
"JPN_B20.txt","JPN","referential","because of the",2
"JPN_B20.txt","JPN","referential","due to the",1
"JPN_B20.txt","JPN","discourse_organizer","first of all",5
"JPN_B20.txt","JPN","stance","i agree with",53
"JPN_B20.txt","JPN","stance","i believe that",1
"JPN_B20.txt","JPN","stance","i disagree with",12
"JPN_B20.txt","JPN","stance","i do not",4
"JPN_B20.txt","JPN","stance","i think it",40
"JPN_B20.txt","JPN","stance","i think that",17
"JPN_B20.txt","JPN","stance","in my opinion",6
"JPN_B20.txt","JPN","referential","in order to",5
"JPN_B20.txt","JPN","stance","it is better",1
"JPN_B20.txt","JPN","stance","it is difficult",3
"JPN_B20.txt","JPN","stance","it is important",39
"JPN_B20.txt","JPN","stance","it is necessary",2
"JPN_B20.txt","JPN","referential","many kinds of",8
"JPN_B20.txt","JPN","referential","more and more",5
"JPN_B20.txt","JPN","discourse_organizer","on the other hand",0
"JPN_B20.txt","JPN","referential","one of the",2
"JPN_B20.txt","JPN","vague_extender","or something like",3
"JPN_B20.txt","JPN","referential","the most important",5
"JPN_B20.txt","JPN","stance","there are many",13
"JPN_B20.txt","JPN","stance","there is no",5
"JPN_B20.txt","JPN","vague_extender","things like that",0
"JPN_B20.txt","JPN","discourse_organizer","to sum up",0
"JPN_B20.txt","JPN","stance","we have to",5
"JPN_B20.txt","JPN","stance","we should not",3
"JPN_B20.txt","JPN","discourse_organizer","what is more",0
"KOR_A20.txt","KOR","referential","a lot of",107
"KOR_A20.txt","KOR","vague_extender","and so forth",0
"KOR_A20.txt","KOR","vague_extender","and so on",4
"KOR_A20.txt","KOR","discourse_organizer","as a result",2
"KOR_A20.txt","KOR","referential","be able to",11
"KOR_A20.txt","KOR","referential","because of the",7
"KOR_A20.txt","KOR","referential","due to the",3
"KOR_A20.txt","KOR","discourse_organizer","first of all",2
"KOR_A20.txt","KOR","stance","i agree with",10
"KOR_A20.txt","KOR","stance","i believe that",2
"KOR_A20.txt","KOR","stance","i disagree with",0
"KOR_A20.txt","KOR","stance","i do not",19
"KOR_A20.txt","KOR","stance","i think it",13
"KOR_A20.txt","KOR","stance","i think that",19
"KOR_A20.txt","KOR","stance","in my opinion",6
"KOR_A20.txt","KOR","referential","in order to",11
"KOR_A20.txt","KOR","stance","it is better",1
"KOR_A20.txt","KOR","stance","it is difficult",1
"KOR_A20.txt","KOR","stance","it is important",22
"KOR_A20.txt","KOR","stance","it is necessary",2
"KOR_A20.txt","KOR","referential","many kinds of",0
"KOR_A20.txt","KOR","referential","more and more",2
"KOR_A20.txt","KOR","discourse_organizer","on the other hand",0
"KOR_A20.txt","KOR","referential","one of the",18
"KOR_A20.txt","KOR","vague_extender","or something like",0
"KOR_A20.txt","KOR","referential","the most important",7
"KOR_A20.txt","KOR","stance","there are many",20
"KOR_A20.txt","KOR","stance","there is no",2
"KOR_A20.txt","KOR","vague_extender","things like that",0
"KOR_A20.txt","KOR","discourse_organizer","to sum up",0
"KOR_A20.txt","KOR","stance","we have to",11
"KOR_A20.txt","KOR","stance","we should not",0
"KOR_A20.txt","KOR","discourse_organizer","what is more",0
"KOR_B11.txt","KOR","referential","a lot of",78
"KOR_B11.txt","KOR","vague_extender","and so forth",1
"KOR_B11.txt","KOR","vague_extender","and so on",16
"KOR_B11.txt","KOR","discourse_organizer","as a result",5
"KOR_B11.txt","KOR","referential","be able to",8
"KOR_B11.txt","KOR","referential","because of the",7
"KOR_B11.txt","KOR","referential","due to the",1
"KOR_B11.txt","KOR","discourse_organizer","first of all",8
"KOR_B11.txt","KOR","stance","i agree with",21
"KOR_B11.txt","KOR","stance","i believe that",2
"KOR_B11.txt","KOR","stance","i disagree with",2
"KOR_B11.txt","KOR","stance","i do not",11
"KOR_B11.txt","KOR","stance","i think it",21
"KOR_B11.txt","KOR","stance","i think that",32
"KOR_B11.txt","KOR","stance","in my opinion",12
"KOR_B11.txt","KOR","referential","in order to",7
"KOR_B11.txt","KOR","stance","it is better",0
"KOR_B11.txt","KOR","stance","it is difficult",4
"KOR_B11.txt","KOR","stance","it is important",24
"KOR_B11.txt","KOR","stance","it is necessary",4
"KOR_B11.txt","KOR","referential","many kinds of",1
"KOR_B11.txt","KOR","referential","more and more",5
"KOR_B11.txt","KOR","discourse_organizer","on the other hand",1
"KOR_B11.txt","KOR","referential","one of the",6
"KOR_B11.txt","KOR","vague_extender","or something like",0
"KOR_B11.txt","KOR","referential","the most important",1
"KOR_B11.txt","KOR","stance","there are many",17
"KOR_B11.txt","KOR","stance","there is no",4
"KOR_B11.txt","KOR","vague_extender","things like that",0
"KOR_B11.txt","KOR","discourse_organizer","to sum up",0
"KOR_B11.txt","KOR","stance","we have to",10
"KOR_B11.txt","KOR","stance","we should not",0
"KOR_B11.txt","KOR","discourse_organizer","what is more",0
"KOR_B12.txt","KOR","referential","a lot of",81
"KOR_B12.txt","KOR","vague_extender","and so forth",0
"KOR_B12.txt","KOR","vague_extender","and so on",13
"KOR_B12.txt","KOR","discourse_organizer","as a result",9
"KOR_B12.txt","KOR","referential","be able to",11
"KOR_B12.txt","KOR","referential","because of the",8
"KOR_B12.txt","KOR","referential","due to the",6
"KOR_B12.txt","KOR","discourse_organizer","first of all",22
"KOR_B12.txt","KOR","stance","i agree with",26
"KOR_B12.txt","KOR","stance","i believe that",4
"KOR_B12.txt","KOR","stance","i disagree with",12
"KOR_B12.txt","KOR","stance","i do not",12
"KOR_B12.txt","KOR","stance","i think it",52
"KOR_B12.txt","KOR","stance","i think that",60
"KOR_B12.txt","KOR","stance","in my opinion",11
"KOR_B12.txt","KOR","referential","in order to",7
"KOR_B12.txt","KOR","stance","it is better",6
"KOR_B12.txt","KOR","stance","it is difficult",7
"KOR_B12.txt","KOR","stance","it is important",41
"KOR_B12.txt","KOR","stance","it is necessary",2
"KOR_B12.txt","KOR","referential","many kinds of",6
"KOR_B12.txt","KOR","referential","more and more",6
"KOR_B12.txt","KOR","discourse_organizer","on the other hand",5
"KOR_B12.txt","KOR","referential","one of the",8
"KOR_B12.txt","KOR","vague_extender","or something like",1
"KOR_B12.txt","KOR","referential","the most important",6
"KOR_B12.txt","KOR","stance","there are many",20
"KOR_B12.txt","KOR","stance","there is no",12
"KOR_B12.txt","KOR","vague_extender","things like that",0
"KOR_B12.txt","KOR","discourse_organizer","to sum up",1
"KOR_B12.txt","KOR","stance","we have to",16
"KOR_B12.txt","KOR","stance","we should not",2
"KOR_B12.txt","KOR","discourse_organizer","what is more",1
"KOR_B20.txt","KOR","referential","a lot of",59
"KOR_B20.txt","KOR","vague_extender","and so forth",0
"KOR_B20.txt","KOR","vague_extender","and so on",5
"KOR_B20.txt","KOR","discourse_organizer","as a result",10
"KOR_B20.txt","KOR","referential","be able to",11
"KOR_B20.txt","KOR","referential","because of the",11
"KOR_B20.txt","KOR","referential","due to the",4
"KOR_B20.txt","KOR","discourse_organizer","first of all",41
"KOR_B20.txt","KOR","stance","i agree with",37
"KOR_B20.txt","KOR","stance","i believe that",12
"KOR_B20.txt","KOR","stance","i disagree with",16
"KOR_B20.txt","KOR","stance","i do not",6
"KOR_B20.txt","KOR","stance","i think it",77
"KOR_B20.txt","KOR","stance","i think that",35
"KOR_B20.txt","KOR","stance","in my opinion",10
"KOR_B20.txt","KOR","referential","in order to",11
"KOR_B20.txt","KOR","stance","it is better",5
"KOR_B20.txt","KOR","stance","it is difficult",2
"KOR_B20.txt","KOR","stance","it is important",46
"KOR_B20.txt","KOR","stance","it is necessary",6
"KOR_B20.txt","KOR","referential","many kinds of",10
"KOR_B20.txt","KOR","referential","more and more",6
"KOR_B20.txt","KOR","discourse_organizer","on the other hand",5
"KOR_B20.txt","KOR","referential","one of the",20
"KOR_B20.txt","KOR","vague_extender","or something like",0
"KOR_B20.txt","KOR","referential","the most important",10
"KOR_B20.txt","KOR","stance","there are many",28
"KOR_B20.txt","KOR","stance","there is no",10
"KOR_B20.txt","KOR","vague_extender","things like that",1
"KOR_B20.txt","KOR","discourse_organizer","to sum up",4
"KOR_B20.txt","KOR","stance","we have to",17
"KOR_B20.txt","KOR","stance","we should not",3
"KOR_B20.txt","KOR","discourse_organizer","what is more",0
